employee_idx,task_idx,choice,post_A_id,post_B_id
0,0,0,0,1
1,0,1,0,1
2,0,1,0,1
3,0,1,0,1
4,0,0,0,1
5,0,1,0,1
6,0,1,0,1
7,0,1,0,1
8,0,1,0,1
9,0,1,0,1
10,0,1,0,1
11,0,0,0,1
12,0,1,0,1
13,0,1,0,1
14,0,1,0,1
15,0,0,0,1
16,0,0,0,1
17,0,0,0,1
18,0,1,0,1
19,0,0,0,1
20,0,0,0,1
21,0,0,0,1
22,0,0,0,1
23,0,0,0,1
24,0,0,0,1
25,0,1,0,1
26,0,1,0,1
27,0,0,0,1
28,0,0,0,1
29,0,1,0,1
30,0,1,0,1
31,0,0,0,1
32,0,0,0,1
33,0,0,0,1
34,0,0,0,1
35,0,0,0,1
36,0,1,0,1
37,0,0,0,1
38,0,1,0,1
39,0,0,0,1
40,0,0,0,1
41,0,0,0,1
42,0,1,0,1
43,0,1,0,1
44,0,1,0,1
45,0,0,0,1
46,0,1,0,1
47,0,1,0,1
48,0,0,0,1
49,0,1,0,1
50,0,0,0,1
51,0,1,0,1
52,0,1,0,1
53,0,1,0,1
54,0,0,0,1
55,0,0,0,1
56,0,1,0,1
57,0,1,0,1
58,0,0,0,1
59,0,1,0,1
60,0,0,0,1
61,0,0,0,1
62,0,0,0,1
63,0,1,0,1
64,0,0,0,1
65,0,0,0,1
66,0,1,0,1
67,0,0,0,1
68,0,0,0,1
69,0,1,0,1
70,0,1,0,1
71,0,0,0,1
72,0,1,0,1
73,0,1,0,1
74,0,0,0,1
75,0,1,0,1
76,0,1,0,1
77,0,0,0,1
78,0,0,0,1
79,0,1,0,1
80,0,1,0,1
81,0,0,0,1
82,0,0,0,1
83,0,0,0,1
84,0,1,0,1
85,0,1,0,1
86,0,0,0,1
87,0,1,0,1
88,0,0,0,1
89,0,0,0,1
90,0,1,0,1
91,0,1,0,1
92,0,0,0,1
93,0,1,0,1
94,0,1,0,1
95,0,1,0,1
96,0,1,0,1
97,0,0,0,1
98,0,0,0,1
99,0,0,0,1
100,0,1,0,1
101,0,0,0,1
102,0,1,0,1
103,0,1,0,1
104,0,0,0,1
105,0,1,0,1
106,0,0,0,1
107,0,1,0,1
108,0,1,0,1
109,0,0,0,1
110,0,1,0,1
111,0,0,0,1
112,0,0,0,1
113,0,1,0,1
114,0,1,0,1
115,0,1,0,1
116,0,1,0,1
117,0,0,0,1
118,0,1,0,1
119,0,0,0,1
120,0,1,0,1
121,0,0,0,1
122,0,0,0,1
123,0,1,0,1
124,0,1,0,1
125,0,0,0,1
126,0,0,0,1
127,0,0,0,1
128,0,1,0,1
129,0,1,0,1
130,0,1,0,1
131,0,1,0,1
132,0,1,0,1
133,0,0,0,1
134,0,1,0,1
135,0,0,0,1
136,0,0,0,1
137,0,0,0,1
138,0,0,0,1
139,0,0,0,1
140,0,0,0,1
141,0,0,0,1
142,0,0,0,1
143,0,0,0,1
144,0,1,0,1
145,0,0,0,1
146,0,0,0,1
147,0,0,0,1
148,0,0,0,1
149,0,1,0,1
150,0,1,0,1
151,0,1,0,1
152,0,0,0,1
153,0,1,0,1
154,0,1,0,1
155,0,0,0,1
156,0,0,0,1
157,0,0,0,1
158,0,1,0,1
159,0,0,0,1
160,0,1,0,1
161,0,1,0,1
162,0,1,0,1
163,0,0,0,1
164,0,1,0,1
165,0,0,0,1
166,0,1,0,1
167,0,0,0,1
168,0,1,0,1
169,0,1,0,1
170,0,0,0,1
171,0,0,0,1
172,0,1,0,1
173,0,0,0,1
174,0,0,0,1
175,0,0,0,1
176,0,1,0,1
177,0,1,0,1
178,0,0,0,1
179,0,0,0,1
180,0,1,0,1
181,0,0,0,1
182,0,1,0,1
183,0,1,0,1
184,0,0,0,1
185,0,1,0,1
186,0,0,0,1
187,0,1,0,1
188,0,0,0,1
189,0,0,0,1
190,0,0,0,1
191,0,0,0,1
192,0,0,0,1
193,0,0,0,1
194,0,0,0,1
195,0,0,0,1
196,0,0,0,1
197,0,0,0,1
198,0,1,0,1
199,0,0,0,1
200,0,0,0,1
201,0,0,0,1
202,0,0,0,1
203,0,0,0,1
204,0,0,0,1
205,0,0,0,1
206,0,0,0,1
207,0,0,0,1
208,0,0,0,1
209,0,1,0,1
210,0,1,0,1
211,0,0,0,1
212,0,1,0,1
213,0,1,0,1
214,0,0,0,1
215,0,1,0,1
216,0,0,0,1
217,0,1,0,1
218,0,0,0,1
219,0,0,0,1
220,0,0,0,1
221,0,0,0,1
222,0,0,0,1
223,0,0,0,1
224,0,1,0,1
225,0,1,0,1
226,0,0,0,1
227,0,0,0,1
228,0,0,0,1
229,0,0,0,1
230,0,0,0,1
231,0,1,0,1
232,0,0,0,1
233,0,0,0,1
234,0,1,0,1
235,0,0,0,1
236,0,0,0,1
237,0,0,0,1
238,0,0,0,1
239,0,1,0,1
240,0,1,0,1
241,0,0,0,1
242,0,0,0,1
243,0,0,0,1
244,0,1,0,1
245,0,0,0,1
246,0,1,0,1
247,0,1,0,1
248,0,1,0,1
249,0,0,0,1
250,0,0,0,1
251,0,1,0,1
252,0,1,0,1
253,0,0,0,1
254,0,1,0,1
255,0,1,0,1
256,0,0,0,1
257,0,1,0,1
258,0,0,0,1
259,0,1,0,1
260,0,0,0,1
261,0,0,0,1
262,0,0,0,1
263,0,1,0,1
264,0,0,0,1
265,0,1,0,1
266,0,1,0,1
267,0,1,0,1
268,0,1,0,1
269,0,1,0,1
270,0,0,0,1
271,0,0,0,1
272,0,0,0,1
273,0,0,0,1
274,0,0,0,1
275,0,1,0,1
276,0,0,0,1
277,0,1,0,1
278,0,1,0,1
279,0,1,0,1
280,0,0,0,1
281,0,0,0,1
282,0,0,0,1
283,0,0,0,1
284,0,1,0,1
285,0,1,0,1
286,0,1,0,1
287,0,1,0,1
288,0,0,0,1
289,0,1,0,1
290,0,0,0,1
291,0,1,0,1
292,0,1,0,1
293,0,0,0,1
294,0,1,0,1
295,0,1,0,1
296,0,0,0,1
297,0,0,0,1
298,0,1,0,1
299,0,0,0,1
300,0,1,0,1
301,0,0,0,1
302,0,1,0,1
303,0,0,0,1
304,0,0,0,1
305,0,0,0,1
306,0,1,0,1
307,0,0,0,1
308,0,0,0,1
309,0,0,0,1
310,0,0,0,1
311,0,1,0,1
312,0,0,0,1
313,0,0,0,1
314,0,0,0,1
315,0,1,0,1
316,0,1,0,1
317,0,0,0,1
318,0,1,0,1
319,0,0,0,1
320,0,1,0,1
321,0,1,0,1
322,0,0,0,1
323,0,0,0,1
324,0,0,0,1
325,0,0,0,1
326,0,1,0,1
327,0,0,0,1
328,0,1,0,1
329,0,0,0,1
330,0,0,0,1
331,0,0,0,1
332,0,0,0,1
333,0,0,0,1
334,0,1,0,1
335,0,0,0,1
336,0,0,0,1
337,0,1,0,1
338,0,0,0,1
339,0,0,0,1
340,0,1,0,1
341,0,0,0,1
342,0,0,0,1
343,0,0,0,1
344,0,1,0,1
345,0,0,0,1
346,0,0,0,1
347,0,1,0,1
348,0,1,0,1
349,0,1,0,1
350,0,0,0,1
351,0,0,0,1
352,0,0,0,1
353,0,1,0,1
354,0,0,0,1
355,0,1,0,1
356,0,1,0,1
357,0,0,0,1
358,0,0,0,1
359,0,0,0,1
360,0,1,0,1
361,0,1,0,1
362,0,0,0,1
363,0,1,0,1
364,0,1,0,1
365,0,0,0,1
366,0,0,0,1
367,0,1,0,1
368,0,0,0,1
369,0,0,0,1
370,0,1,0,1
371,0,1,0,1
372,0,0,0,1
373,0,0,0,1
374,0,1,0,1
375,0,1,0,1
376,0,0,0,1
377,0,1,0,1
378,0,1,0,1
379,0,0,0,1
380,0,0,0,1
381,0,1,0,1
382,0,0,0,1
383,0,0,0,1
384,0,1,0,1
385,0,1,0,1
386,0,0,0,1
387,0,0,0,1
388,0,1,0,1
389,0,0,0,1
390,0,1,0,1
391,0,0,0,1
392,0,1,0,1
393,0,1,0,1
394,0,0,0,1
395,0,0,0,1
396,0,0,0,1
397,0,0,0,1
398,0,1,0,1
399,0,0,0,1
400,0,0,0,1
401,0,1,0,1
402,0,0,0,1
403,0,1,0,1
404,0,1,0,1
405,0,0,0,1
406,0,0,0,1
407,0,0,0,1
408,0,0,0,1
409,0,0,0,1
410,0,1,0,1
411,0,0,0,1
412,0,0,0,1
413,0,0,0,1
414,0,0,0,1
415,0,0,0,1
416,0,0,0,1
417,0,0,0,1
418,0,0,0,1
419,0,1,0,1
420,0,1,0,1
421,0,1,0,1
422,0,1,0,1
423,0,1,0,1
424,0,1,0,1
425,0,1,0,1
426,0,0,0,1
427,0,0,0,1
428,0,0,0,1
429,0,0,0,1
430,0,1,0,1
431,0,0,0,1
432,0,1,0,1
433,0,0,0,1
434,0,0,0,1
435,0,1,0,1
436,0,1,0,1
437,0,0,0,1
438,0,1,0,1
439,0,0,0,1
440,0,1,0,1
441,0,0,0,1
442,0,0,0,1
443,0,1,0,1
444,0,0,0,1
445,0,0,0,1
446,0,0,0,1
447,0,0,0,1
448,0,0,0,1
449,0,0,0,1
450,0,0,0,1
451,0,1,0,1
452,0,0,0,1
453,0,1,0,1
454,0,1,0,1
455,0,1,0,1
456,0,0,0,1
457,0,0,0,1
458,0,1,0,1
459,0,0,0,1
460,0,0,0,1
461,0,1,0,1
462,0,1,0,1
463,0,1,0,1
464,0,0,0,1
465,0,0,0,1
466,0,0,0,1
467,0,0,0,1
468,0,1,0,1
469,0,0,0,1
470,0,0,0,1
471,0,1,0,1
472,0,0,0,1
473,0,0,0,1
474,0,0,0,1
475,0,1,0,1
476,0,0,0,1
477,0,1,0,1
478,0,0,0,1
479,0,0,0,1
480,0,1,0,1
481,0,0,0,1
482,0,0,0,1
483,0,0,0,1
484,0,0,0,1
485,0,1,0,1
486,0,1,0,1
487,0,0,0,1
488,0,1,0,1
489,0,0,0,1
490,0,0,0,1
491,0,0,0,1
492,0,0,0,1
493,0,1,0,1
494,0,0,0,1
495,0,0,0,1
496,0,0,0,1
497,0,0,0,1
498,0,0,0,1
499,0,0,0,1
0,1,0,2,3
1,1,0,2,3
2,1,1,2,3
3,1,1,2,3
4,1,0,2,3
5,1,1,2,3
6,1,0,2,3
7,1,1,2,3
8,1,0,2,3
9,1,1,2,3
10,1,1,2,3
11,1,1,2,3
12,1,0,2,3
13,1,1,2,3
14,1,0,2,3
15,1,0,2,3
16,1,1,2,3
17,1,1,2,3
18,1,1,2,3
19,1,1,2,3
20,1,1,2,3
21,1,0,2,3
22,1,1,2,3
23,1,1,2,3
24,1,1,2,3
25,1,1,2,3
26,1,1,2,3
27,1,1,2,3
28,1,0,2,3
29,1,0,2,3
30,1,1,2,3
31,1,1,2,3
32,1,1,2,3
33,1,1,2,3
34,1,0,2,3
35,1,1,2,3
36,1,0,2,3
37,1,1,2,3
38,1,1,2,3
39,1,0,2,3
40,1,0,2,3
41,1,0,2,3
42,1,1,2,3
43,1,1,2,3
44,1,1,2,3
45,1,0,2,3
46,1,1,2,3
47,1,0,2,3
48,1,0,2,3
49,1,1,2,3
50,1,1,2,3
51,1,1,2,3
52,1,1,2,3
53,1,1,2,3
54,1,0,2,3
55,1,0,2,3
56,1,0,2,3
57,1,0,2,3
58,1,0,2,3
59,1,0,2,3
60,1,1,2,3
61,1,1,2,3
62,1,0,2,3
63,1,0,2,3
64,1,1,2,3
65,1,0,2,3
66,1,0,2,3
67,1,1,2,3
68,1,0,2,3
69,1,0,2,3
70,1,1,2,3
71,1,0,2,3
72,1,0,2,3
73,1,0,2,3
74,1,0,2,3
75,1,1,2,3
76,1,1,2,3
77,1,1,2,3
78,1,0,2,3
79,1,0,2,3
80,1,1,2,3
81,1,1,2,3
82,1,1,2,3
83,1,1,2,3
84,1,0,2,3
85,1,1,2,3
86,1,1,2,3
87,1,1,2,3
88,1,1,2,3
89,1,1,2,3
90,1,0,2,3
91,1,0,2,3
92,1,1,2,3
93,1,0,2,3
94,1,0,2,3
95,1,1,2,3
96,1,1,2,3
97,1,1,2,3
98,1,0,2,3
99,1,1,2,3
100,1,0,2,3
101,1,1,2,3
102,1,0,2,3
103,1,0,2,3
104,1,1,2,3
105,1,1,2,3
106,1,1,2,3
107,1,1,2,3
108,1,1,2,3
109,1,0,2,3
110,1,0,2,3
111,1,0,2,3
112,1,0,2,3
113,1,1,2,3
114,1,0,2,3
115,1,1,2,3
116,1,0,2,3
117,1,0,2,3
118,1,0,2,3
119,1,0,2,3
120,1,1,2,3
121,1,1,2,3
122,1,1,2,3
123,1,1,2,3
124,1,0,2,3
125,1,0,2,3
126,1,0,2,3
127,1,0,2,3
128,1,0,2,3
129,1,0,2,3
130,1,1,2,3
131,1,0,2,3
132,1,0,2,3
133,1,1,2,3
134,1,0,2,3
135,1,1,2,3
136,1,0,2,3
137,1,0,2,3
138,1,0,2,3
139,1,0,2,3
140,1,0,2,3
141,1,0,2,3
142,1,0,2,3
143,1,0,2,3
144,1,0,2,3
145,1,0,2,3
146,1,0,2,3
147,1,0,2,3
148,1,1,2,3
149,1,1,2,3
150,1,0,2,3
151,1,1,2,3
152,1,1,2,3
153,1,0,2,3
154,1,1,2,3
155,1,1,2,3
156,1,0,2,3
157,1,1,2,3
158,1,1,2,3
159,1,0,2,3
160,1,1,2,3
161,1,0,2,3
162,1,0,2,3
163,1,0,2,3
164,1,0,2,3
165,1,1,2,3
166,1,0,2,3
167,1,1,2,3
168,1,0,2,3
169,1,0,2,3
170,1,1,2,3
171,1,1,2,3
172,1,1,2,3
173,1,0,2,3
174,1,1,2,3
175,1,0,2,3
176,1,0,2,3
177,1,1,2,3
178,1,0,2,3
179,1,0,2,3
180,1,1,2,3
181,1,0,2,3
182,1,0,2,3
183,1,0,2,3
184,1,0,2,3
185,1,1,2,3
186,1,0,2,3
187,1,0,2,3
188,1,1,2,3
189,1,1,2,3
190,1,1,2,3
191,1,1,2,3
192,1,0,2,3
193,1,0,2,3
194,1,0,2,3
195,1,1,2,3
196,1,1,2,3
197,1,1,2,3
198,1,0,2,3
199,1,0,2,3
200,1,0,2,3
201,1,1,2,3
202,1,1,2,3
203,1,1,2,3
204,1,1,2,3
205,1,1,2,3
206,1,0,2,3
207,1,1,2,3
208,1,0,2,3
209,1,0,2,3
210,1,0,2,3
211,1,0,2,3
212,1,0,2,3
213,1,0,2,3
214,1,0,2,3
215,1,0,2,3
216,1,0,2,3
217,1,0,2,3
218,1,0,2,3
219,1,0,2,3
220,1,0,2,3
221,1,1,2,3
222,1,0,2,3
223,1,0,2,3
224,1,0,2,3
225,1,0,2,3
226,1,0,2,3
227,1,0,2,3
228,1,0,2,3
229,1,1,2,3
230,1,1,2,3
231,1,0,2,3
232,1,1,2,3
233,1,1,2,3
234,1,0,2,3
235,1,1,2,3
236,1,1,2,3
237,1,1,2,3
238,1,0,2,3
239,1,0,2,3
240,1,0,2,3
241,1,0,2,3
242,1,1,2,3
243,1,0,2,3
244,1,0,2,3
245,1,1,2,3
246,1,0,2,3
247,1,0,2,3
248,1,0,2,3
249,1,1,2,3
250,1,0,2,3
251,1,1,2,3
252,1,1,2,3
253,1,0,2,3
254,1,0,2,3
255,1,0,2,3
256,1,1,2,3
257,1,1,2,3
258,1,1,2,3
259,1,0,2,3
260,1,0,2,3
261,1,1,2,3
262,1,1,2,3
263,1,0,2,3
264,1,0,2,3
265,1,1,2,3
266,1,1,2,3
267,1,0,2,3
268,1,0,2,3
269,1,1,2,3
270,1,0,2,3
271,1,1,2,3
272,1,0,2,3
273,1,0,2,3
274,1,1,2,3
275,1,0,2,3
276,1,1,2,3
277,1,1,2,3
278,1,1,2,3
279,1,0,2,3
280,1,1,2,3
281,1,1,2,3
282,1,1,2,3
283,1,0,2,3
284,1,0,2,3
285,1,0,2,3
286,1,0,2,3
287,1,0,2,3
288,1,1,2,3
289,1,0,2,3
290,1,1,2,3
291,1,1,2,3
292,1,0,2,3
293,1,0,2,3
294,1,0,2,3
295,1,0,2,3
296,1,1,2,3
297,1,0,2,3
298,1,0,2,3
299,1,1,2,3
300,1,1,2,3
301,1,0,2,3
302,1,1,2,3
303,1,0,2,3
304,1,1,2,3
305,1,1,2,3
306,1,0,2,3
307,1,0,2,3
308,1,1,2,3
309,1,1,2,3
310,1,1,2,3
311,1,1,2,3
312,1,0,2,3
313,1,1,2,3
314,1,0,2,3
315,1,0,2,3
316,1,1,2,3
317,1,1,2,3
318,1,1,2,3
319,1,1,2,3
320,1,1,2,3
321,1,0,2,3
322,1,0,2,3
323,1,1,2,3
324,1,0,2,3
325,1,1,2,3
326,1,1,2,3
327,1,0,2,3
328,1,0,2,3
329,1,0,2,3
330,1,0,2,3
331,1,1,2,3
332,1,1,2,3
333,1,0,2,3
334,1,1,2,3
335,1,0,2,3
336,1,1,2,3
337,1,0,2,3
338,1,0,2,3
339,1,0,2,3
340,1,1,2,3
341,1,1,2,3
342,1,0,2,3
343,1,1,2,3
344,1,0,2,3
345,1,0,2,3
346,1,1,2,3
347,1,0,2,3
348,1,0,2,3
349,1,1,2,3
350,1,1,2,3
351,1,1,2,3
352,1,0,2,3
353,1,0,2,3
354,1,0,2,3
355,1,0,2,3
356,1,0,2,3
357,1,1,2,3
358,1,0,2,3
359,1,1,2,3
360,1,0,2,3
361,1,0,2,3
362,1,0,2,3
363,1,0,2,3
364,1,0,2,3
365,1,1,2,3
366,1,0,2,3
367,1,1,2,3
368,1,0,2,3
369,1,0,2,3
370,1,0,2,3
371,1,0,2,3
372,1,1,2,3
373,1,1,2,3
374,1,1,2,3
375,1,0,2,3
376,1,0,2,3
377,1,0,2,3
378,1,0,2,3
379,1,1,2,3
380,1,0,2,3
381,1,0,2,3
382,1,1,2,3
383,1,0,2,3
384,1,1,2,3
385,1,0,2,3
386,1,1,2,3
387,1,0,2,3
388,1,1,2,3
389,1,0,2,3
390,1,0,2,3
391,1,0,2,3
392,1,0,2,3
393,1,0,2,3
394,1,0,2,3
395,1,1,2,3
396,1,1,2,3
397,1,0,2,3
398,1,1,2,3
399,1,1,2,3
400,1,0,2,3
401,1,0,2,3
402,1,1,2,3
403,1,1,2,3
404,1,0,2,3
405,1,0,2,3
406,1,0,2,3
407,1,1,2,3
408,1,1,2,3
409,1,0,2,3
410,1,0,2,3
411,1,0,2,3
412,1,1,2,3
413,1,1,2,3
414,1,1,2,3
415,1,0,2,3
416,1,1,2,3
417,1,1,2,3
418,1,0,2,3
419,1,0,2,3
420,1,1,2,3
421,1,1,2,3
422,1,0,2,3
423,1,0,2,3
424,1,1,2,3
425,1,1,2,3
426,1,1,2,3
427,1,1,2,3
428,1,0,2,3
429,1,1,2,3
430,1,1,2,3
431,1,1,2,3
432,1,0,2,3
433,1,1,2,3
434,1,1,2,3
435,1,0,2,3
436,1,0,2,3
437,1,1,2,3
438,1,0,2,3
439,1,1,2,3
440,1,0,2,3
441,1,1,2,3
442,1,1,2,3
443,1,0,2,3
444,1,1,2,3
445,1,1,2,3
446,1,0,2,3
447,1,1,2,3
448,1,0,2,3
449,1,1,2,3
450,1,0,2,3
451,1,0,2,3
452,1,0,2,3
453,1,1,2,3
454,1,1,2,3
455,1,0,2,3
456,1,1,2,3
457,1,1,2,3
458,1,0,2,3
459,1,1,2,3
460,1,1,2,3
461,1,0,2,3
462,1,0,2,3
463,1,1,2,3
464,1,1,2,3
465,1,1,2,3
466,1,1,2,3
467,1,0,2,3
468,1,0,2,3
469,1,1,2,3
470,1,0,2,3
471,1,0,2,3
472,1,1,2,3
473,1,1,2,3
474,1,1,2,3
475,1,0,2,3
476,1,0,2,3
477,1,1,2,3
478,1,1,2,3
479,1,0,2,3
480,1,0,2,3
481,1,1,2,3
482,1,0,2,3
483,1,1,2,3
484,1,1,2,3
485,1,0,2,3
486,1,0,2,3
487,1,1,2,3
488,1,0,2,3
489,1,1,2,3
490,1,0,2,3
491,1,1,2,3
492,1,1,2,3
493,1,0,2,3
494,1,1,2,3
495,1,1,2,3
496,1,1,2,3
497,1,1,2,3
498,1,1,2,3
499,1,0,2,3
0,2,0,4,5
1,2,1,4,5
2,2,1,4,5
3,2,0,4,5
4,2,0,4,5
5,2,0,4,5
6,2,1,4,5
7,2,0,4,5
8,2,0,4,5
9,2,1,4,5
10,2,0,4,5
11,2,0,4,5
12,2,0,4,5
13,2,0,4,5
14,2,1,4,5
15,2,0,4,5
16,2,0,4,5
17,2,0,4,5
18,2,1,4,5
19,2,1,4,5
20,2,1,4,5
21,2,1,4,5
22,2,1,4,5
23,2,0,4,5
24,2,1,4,5
25,2,0,4,5
26,2,0,4,5
27,2,0,4,5
28,2,1,4,5
29,2,1,4,5
30,2,1,4,5
31,2,0,4,5
32,2,0,4,5
33,2,0,4,5
34,2,0,4,5
35,2,0,4,5
36,2,0,4,5
37,2,0,4,5
38,2,1,4,5
39,2,1,4,5
40,2,0,4,5
41,2,1,4,5
42,2,0,4,5
43,2,1,4,5
44,2,1,4,5
45,2,1,4,5
46,2,1,4,5
47,2,1,4,5
48,2,0,4,5
49,2,0,4,5
50,2,1,4,5
51,2,1,4,5
52,2,0,4,5
53,2,0,4,5
54,2,1,4,5
55,2,1,4,5
56,2,1,4,5
57,2,0,4,5
58,2,0,4,5
59,2,1,4,5
60,2,0,4,5
61,2,0,4,5
62,2,0,4,5
63,2,0,4,5
64,2,1,4,5
65,2,1,4,5
66,2,0,4,5
67,2,0,4,5
68,2,1,4,5
69,2,0,4,5
70,2,1,4,5
71,2,1,4,5
72,2,0,4,5
73,2,1,4,5
74,2,1,4,5
75,2,0,4,5
76,2,1,4,5
77,2,0,4,5
78,2,1,4,5
79,2,0,4,5
80,2,1,4,5
81,2,0,4,5
82,2,0,4,5
83,2,0,4,5
84,2,0,4,5
85,2,1,4,5
86,2,0,4,5
87,2,0,4,5
88,2,1,4,5
89,2,1,4,5
90,2,1,4,5
91,2,1,4,5
92,2,0,4,5
93,2,1,4,5
94,2,1,4,5
95,2,1,4,5
96,2,0,4,5
97,2,0,4,5
98,2,0,4,5
99,2,1,4,5
100,2,0,4,5
101,2,0,4,5
102,2,1,4,5
103,2,1,4,5
104,2,1,4,5
105,2,0,4,5
106,2,1,4,5
107,2,0,4,5
108,2,0,4,5
109,2,0,4,5
110,2,1,4,5
111,2,1,4,5
112,2,0,4,5
113,2,0,4,5
114,2,0,4,5
115,2,1,4,5
116,2,0,4,5
117,2,0,4,5
118,2,1,4,5
119,2,1,4,5
120,2,1,4,5
121,2,0,4,5
122,2,0,4,5
123,2,0,4,5
124,2,0,4,5
125,2,1,4,5
126,2,0,4,5
127,2,0,4,5
128,2,0,4,5
129,2,0,4,5
130,2,0,4,5
131,2,0,4,5
132,2,0,4,5
133,2,1,4,5
134,2,1,4,5
135,2,0,4,5
136,2,1,4,5
137,2,1,4,5
138,2,1,4,5
139,2,1,4,5
140,2,1,4,5
141,2,0,4,5
142,2,0,4,5
143,2,1,4,5
144,2,1,4,5
145,2,0,4,5
146,2,0,4,5
147,2,0,4,5
148,2,0,4,5
149,2,0,4,5
150,2,1,4,5
151,2,0,4,5
152,2,1,4,5
153,2,0,4,5
154,2,1,4,5
155,2,1,4,5
156,2,1,4,5
157,2,1,4,5
158,2,0,4,5
159,2,1,4,5
160,2,0,4,5
161,2,1,4,5
162,2,0,4,5
163,2,1,4,5
164,2,0,4,5
165,2,1,4,5
166,2,1,4,5
167,2,0,4,5
168,2,0,4,5
169,2,1,4,5
170,2,1,4,5
171,2,0,4,5
172,2,1,4,5
173,2,1,4,5
174,2,0,4,5
175,2,1,4,5
176,2,1,4,5
177,2,1,4,5
178,2,1,4,5
179,2,1,4,5
180,2,0,4,5
181,2,0,4,5
182,2,1,4,5
183,2,0,4,5
184,2,0,4,5
185,2,1,4,5
186,2,1,4,5
187,2,1,4,5
188,2,1,4,5
189,2,0,4,5
190,2,0,4,5
191,2,1,4,5
192,2,1,4,5
193,2,1,4,5
194,2,0,4,5
195,2,1,4,5
196,2,1,4,5
197,2,1,4,5
198,2,0,4,5
199,2,1,4,5
200,2,0,4,5
201,2,1,4,5
202,2,1,4,5
203,2,0,4,5
204,2,1,4,5
205,2,1,4,5
206,2,0,4,5
207,2,1,4,5
208,2,0,4,5
209,2,0,4,5
210,2,0,4,5
211,2,1,4,5
212,2,1,4,5
213,2,1,4,5
214,2,0,4,5
215,2,1,4,5
216,2,1,4,5
217,2,0,4,5
218,2,0,4,5
219,2,1,4,5
220,2,0,4,5
221,2,0,4,5
222,2,1,4,5
223,2,0,4,5
224,2,0,4,5
225,2,1,4,5
226,2,1,4,5
227,2,1,4,5
228,2,0,4,5
229,2,0,4,5
230,2,0,4,5
231,2,1,4,5
232,2,0,4,5
233,2,0,4,5
234,2,1,4,5
235,2,1,4,5
236,2,1,4,5
237,2,1,4,5
238,2,1,4,5
239,2,1,4,5
240,2,0,4,5
241,2,1,4,5
242,2,0,4,5
243,2,0,4,5
244,2,1,4,5
245,2,1,4,5
246,2,1,4,5
247,2,0,4,5
248,2,1,4,5
249,2,0,4,5
250,2,0,4,5
251,2,0,4,5
252,2,1,4,5
253,2,1,4,5
254,2,0,4,5
255,2,0,4,5
256,2,0,4,5
257,2,1,4,5
258,2,1,4,5
259,2,1,4,5
260,2,1,4,5
261,2,1,4,5
262,2,1,4,5
263,2,0,4,5
264,2,1,4,5
265,2,1,4,5
266,2,1,4,5
267,2,1,4,5
268,2,0,4,5
269,2,1,4,5
270,2,1,4,5
271,2,1,4,5
272,2,0,4,5
273,2,0,4,5
274,2,1,4,5
275,2,1,4,5
276,2,1,4,5
277,2,1,4,5
278,2,1,4,5
279,2,0,4,5
280,2,1,4,5
281,2,1,4,5
282,2,1,4,5
283,2,1,4,5
284,2,1,4,5
285,2,1,4,5
286,2,0,4,5
287,2,0,4,5
288,2,1,4,5
289,2,0,4,5
290,2,1,4,5
291,2,1,4,5
292,2,0,4,5
293,2,1,4,5
294,2,1,4,5
295,2,1,4,5
296,2,0,4,5
297,2,1,4,5
298,2,1,4,5
299,2,0,4,5
300,2,1,4,5
301,2,1,4,5
302,2,1,4,5
303,2,0,4,5
304,2,1,4,5
305,2,1,4,5
306,2,0,4,5
307,2,1,4,5
308,2,1,4,5
309,2,1,4,5
310,2,0,4,5
311,2,0,4,5
312,2,1,4,5
313,2,1,4,5
314,2,1,4,5
315,2,1,4,5
316,2,1,4,5
317,2,0,4,5
318,2,1,4,5
319,2,1,4,5
320,2,0,4,5
321,2,1,4,5
322,2,0,4,5
323,2,0,4,5
324,2,1,4,5
325,2,1,4,5
326,2,0,4,5
327,2,0,4,5
328,2,1,4,5
329,2,0,4,5
330,2,1,4,5
331,2,1,4,5
332,2,0,4,5
333,2,1,4,5
334,2,1,4,5
335,2,0,4,5
336,2,0,4,5
337,2,1,4,5
338,2,1,4,5
339,2,1,4,5
340,2,1,4,5
341,2,0,4,5
342,2,1,4,5
343,2,1,4,5
344,2,1,4,5
345,2,1,4,5
346,2,1,4,5
347,2,1,4,5
348,2,1,4,5
349,2,1,4,5
350,2,1,4,5
351,2,1,4,5
352,2,0,4,5
353,2,0,4,5
354,2,1,4,5
355,2,1,4,5
356,2,1,4,5
357,2,1,4,5
358,2,1,4,5
359,2,1,4,5
360,2,0,4,5
361,2,1,4,5
362,2,0,4,5
363,2,1,4,5
364,2,0,4,5
365,2,1,4,5
366,2,0,4,5
367,2,0,4,5
368,2,0,4,5
369,2,1,4,5
370,2,0,4,5
371,2,0,4,5
372,2,1,4,5
373,2,0,4,5
374,2,0,4,5
375,2,0,4,5
376,2,1,4,5
377,2,0,4,5
378,2,0,4,5
379,2,0,4,5
380,2,1,4,5
381,2,1,4,5
382,2,0,4,5
383,2,1,4,5
384,2,1,4,5
385,2,0,4,5
386,2,1,4,5
387,2,1,4,5
388,2,1,4,5
389,2,0,4,5
390,2,1,4,5
391,2,0,4,5
392,2,0,4,5
393,2,0,4,5
394,2,1,4,5
395,2,1,4,5
396,2,1,4,5
397,2,0,4,5
398,2,1,4,5
399,2,0,4,5
400,2,0,4,5
401,2,0,4,5
402,2,1,4,5
403,2,0,4,5
404,2,1,4,5
405,2,1,4,5
406,2,1,4,5
407,2,1,4,5
408,2,1,4,5
409,2,0,4,5
410,2,0,4,5
411,2,0,4,5
412,2,1,4,5
413,2,1,4,5
414,2,1,4,5
415,2,1,4,5
416,2,0,4,5
417,2,0,4,5
418,2,1,4,5
419,2,1,4,5
420,2,1,4,5
421,2,1,4,5
422,2,1,4,5
423,2,1,4,5
424,2,1,4,5
425,2,0,4,5
426,2,1,4,5
427,2,1,4,5
428,2,1,4,5
429,2,0,4,5
430,2,1,4,5
431,2,0,4,5
432,2,1,4,5
433,2,0,4,5
434,2,0,4,5
435,2,1,4,5
436,2,0,4,5
437,2,1,4,5
438,2,1,4,5
439,2,0,4,5
440,2,1,4,5
441,2,1,4,5
442,2,1,4,5
443,2,1,4,5
444,2,1,4,5
445,2,1,4,5
446,2,0,4,5
447,2,0,4,5
448,2,1,4,5
449,2,0,4,5
450,2,1,4,5
451,2,1,4,5
452,2,1,4,5
453,2,1,4,5
454,2,1,4,5
455,2,1,4,5
456,2,1,4,5
457,2,1,4,5
458,2,1,4,5
459,2,1,4,5
460,2,0,4,5
461,2,0,4,5
462,2,1,4,5
463,2,1,4,5
464,2,1,4,5
465,2,1,4,5
466,2,1,4,5
467,2,0,4,5
468,2,1,4,5
469,2,1,4,5
470,2,1,4,5
471,2,1,4,5
472,2,0,4,5
473,2,0,4,5
474,2,1,4,5
475,2,1,4,5
476,2,0,4,5
477,2,1,4,5
478,2,0,4,5
479,2,1,4,5
480,2,1,4,5
481,2,0,4,5
482,2,0,4,5
483,2,1,4,5
484,2,1,4,5
485,2,1,4,5
486,2,0,4,5
487,2,1,4,5
488,2,1,4,5
489,2,1,4,5
490,2,1,4,5
491,2,1,4,5
492,2,0,4,5
493,2,1,4,5
494,2,1,4,5
495,2,0,4,5
496,2,0,4,5
497,2,0,4,5
498,2,1,4,5
499,2,1,4,5
0,3,1,6,7
1,3,1,6,7
2,3,0,6,7
3,3,1,6,7
4,3,1,6,7
5,3,0,6,7
6,3,1,6,7
7,3,0,6,7
8,3,1,6,7
9,3,1,6,7
10,3,1,6,7
11,3,0,6,7
12,3,0,6,7
13,3,0,6,7
14,3,0,6,7
15,3,1,6,7
16,3,0,6,7
17,3,0,6,7
18,3,1,6,7
19,3,1,6,7
20,3,0,6,7
21,3,0,6,7
22,3,1,6,7
23,3,0,6,7
24,3,0,6,7
25,3,1,6,7
26,3,1,6,7
27,3,1,6,7
28,3,1,6,7
29,3,1,6,7
30,3,0,6,7
31,3,0,6,7
32,3,1,6,7
33,3,0,6,7
34,3,1,6,7
35,3,0,6,7
36,3,0,6,7
37,3,0,6,7
38,3,1,6,7
39,3,0,6,7
40,3,1,6,7
41,3,0,6,7
42,3,1,6,7
43,3,1,6,7
44,3,1,6,7
45,3,1,6,7
46,3,0,6,7
47,3,1,6,7
48,3,1,6,7
49,3,0,6,7
50,3,1,6,7
51,3,1,6,7
52,3,0,6,7
53,3,0,6,7
54,3,1,6,7
55,3,0,6,7
56,3,0,6,7
57,3,1,6,7
58,3,1,6,7
59,3,1,6,7
60,3,0,6,7
61,3,1,6,7
62,3,0,6,7
63,3,0,6,7
64,3,0,6,7
65,3,1,6,7
66,3,1,6,7
67,3,0,6,7
68,3,0,6,7
69,3,1,6,7
70,3,1,6,7
71,3,1,6,7
72,3,0,6,7
73,3,1,6,7
74,3,1,6,7
75,3,0,6,7
76,3,1,6,7
77,3,0,6,7
78,3,1,6,7
79,3,1,6,7
80,3,1,6,7
81,3,0,6,7
82,3,1,6,7
83,3,0,6,7
84,3,1,6,7
85,3,0,6,7
86,3,1,6,7
87,3,0,6,7
88,3,0,6,7
89,3,1,6,7
90,3,0,6,7
91,3,1,6,7
92,3,1,6,7
93,3,0,6,7
94,3,1,6,7
95,3,1,6,7
96,3,0,6,7
97,3,0,6,7
98,3,0,6,7
99,3,0,6,7
100,3,1,6,7
101,3,1,6,7
102,3,0,6,7
103,3,1,6,7
104,3,1,6,7
105,3,0,6,7
106,3,0,6,7
107,3,0,6,7
108,3,1,6,7
109,3,0,6,7
110,3,0,6,7
111,3,1,6,7
112,3,0,6,7
113,3,0,6,7
114,3,0,6,7
115,3,1,6,7
116,3,0,6,7
117,3,1,6,7
118,3,1,6,7
119,3,0,6,7
120,3,1,6,7
121,3,0,6,7
122,3,1,6,7
123,3,1,6,7
124,3,1,6,7
125,3,0,6,7
126,3,0,6,7
127,3,1,6,7
128,3,1,6,7
129,3,0,6,7
130,3,0,6,7
131,3,0,6,7
132,3,0,6,7
133,3,0,6,7
134,3,0,6,7
135,3,0,6,7
136,3,1,6,7
137,3,0,6,7
138,3,1,6,7
139,3,1,6,7
140,3,1,6,7
141,3,0,6,7
142,3,1,6,7
143,3,0,6,7
144,3,1,6,7
145,3,1,6,7
146,3,0,6,7
147,3,0,6,7
148,3,0,6,7
149,3,1,6,7
150,3,1,6,7
151,3,1,6,7
152,3,0,6,7
153,3,1,6,7
154,3,0,6,7
155,3,1,6,7
156,3,1,6,7
157,3,0,6,7
158,3,1,6,7
159,3,1,6,7
160,3,0,6,7
161,3,1,6,7
162,3,0,6,7
163,3,0,6,7
164,3,0,6,7
165,3,0,6,7
166,3,0,6,7
167,3,0,6,7
168,3,1,6,7
169,3,1,6,7
170,3,1,6,7
171,3,1,6,7
172,3,1,6,7
173,3,1,6,7
174,3,1,6,7
175,3,1,6,7
176,3,0,6,7
177,3,0,6,7
178,3,0,6,7
179,3,1,6,7
180,3,1,6,7
181,3,0,6,7
182,3,0,6,7
183,3,0,6,7
184,3,0,6,7
185,3,0,6,7
186,3,0,6,7
187,3,0,6,7
188,3,1,6,7
189,3,1,6,7
190,3,1,6,7
191,3,1,6,7
192,3,1,6,7
193,3,0,6,7
194,3,0,6,7
195,3,1,6,7
196,3,1,6,7
197,3,1,6,7
198,3,1,6,7
199,3,0,6,7
200,3,0,6,7
201,3,1,6,7
202,3,1,6,7
203,3,0,6,7
204,3,1,6,7
205,3,1,6,7
206,3,1,6,7
207,3,1,6,7
208,3,0,6,7
209,3,0,6,7
210,3,1,6,7
211,3,0,6,7
212,3,0,6,7
213,3,0,6,7
214,3,0,6,7
215,3,1,6,7
216,3,0,6,7
217,3,1,6,7
218,3,0,6,7
219,3,0,6,7
220,3,1,6,7
221,3,0,6,7
222,3,1,6,7
223,3,0,6,7
224,3,0,6,7
225,3,1,6,7
226,3,0,6,7
227,3,0,6,7
228,3,0,6,7
229,3,0,6,7
230,3,1,6,7
231,3,1,6,7
232,3,0,6,7
233,3,0,6,7
234,3,0,6,7
235,3,1,6,7
236,3,1,6,7
237,3,1,6,7
238,3,0,6,7
239,3,0,6,7
240,3,0,6,7
241,3,0,6,7
242,3,0,6,7
243,3,0,6,7
244,3,1,6,7
245,3,0,6,7
246,3,0,6,7
247,3,1,6,7
248,3,1,6,7
249,3,1,6,7
250,3,1,6,7
251,3,0,6,7
252,3,0,6,7
253,3,0,6,7
254,3,0,6,7
255,3,0,6,7
256,3,0,6,7
257,3,1,6,7
258,3,0,6,7
259,3,0,6,7
260,3,0,6,7
261,3,1,6,7
262,3,1,6,7
263,3,0,6,7
264,3,0,6,7
265,3,1,6,7
266,3,1,6,7
267,3,1,6,7
268,3,0,6,7
269,3,0,6,7
270,3,0,6,7
271,3,0,6,7
272,3,1,6,7
273,3,0,6,7
274,3,1,6,7
275,3,0,6,7
276,3,0,6,7
277,3,1,6,7
278,3,0,6,7
279,3,0,6,7
280,3,1,6,7
281,3,1,6,7
282,3,1,6,7
283,3,1,6,7
284,3,0,6,7
285,3,0,6,7
286,3,1,6,7
287,3,0,6,7
288,3,1,6,7
289,3,0,6,7
290,3,0,6,7
291,3,0,6,7
292,3,0,6,7
293,3,0,6,7
294,3,1,6,7
295,3,0,6,7
296,3,1,6,7
297,3,0,6,7
298,3,0,6,7
299,3,0,6,7
300,3,1,6,7
301,3,0,6,7
302,3,1,6,7
303,3,1,6,7
304,3,1,6,7
305,3,1,6,7
306,3,0,6,7
307,3,0,6,7
308,3,1,6,7
309,3,0,6,7
310,3,1,6,7
311,3,0,6,7
312,3,1,6,7
313,3,1,6,7
314,3,0,6,7
315,3,0,6,7
316,3,1,6,7
317,3,1,6,7
318,3,0,6,7
319,3,1,6,7
320,3,1,6,7
321,3,0,6,7
322,3,1,6,7
323,3,0,6,7
324,3,1,6,7
325,3,0,6,7
326,3,1,6,7
327,3,1,6,7
328,3,0,6,7
329,3,1,6,7
330,3,1,6,7
331,3,0,6,7
332,3,1,6,7
333,3,1,6,7
334,3,0,6,7
335,3,0,6,7
336,3,0,6,7
337,3,1,6,7
338,3,0,6,7
339,3,1,6,7
340,3,1,6,7
341,3,1,6,7
342,3,1,6,7
343,3,1,6,7
344,3,0,6,7
345,3,0,6,7
346,3,1,6,7
347,3,0,6,7
348,3,0,6,7
349,3,1,6,7
350,3,1,6,7
351,3,1,6,7
352,3,1,6,7
353,3,1,6,7
354,3,1,6,7
355,3,0,6,7
356,3,0,6,7
357,3,0,6,7
358,3,1,6,7
359,3,0,6,7
360,3,1,6,7
361,3,0,6,7
362,3,1,6,7
363,3,1,6,7
364,3,0,6,7
365,3,0,6,7
366,3,1,6,7
367,3,0,6,7
368,3,1,6,7
369,3,0,6,7
370,3,0,6,7
371,3,1,6,7
372,3,1,6,7
373,3,0,6,7
374,3,1,6,7
375,3,1,6,7
376,3,0,6,7
377,3,0,6,7
378,3,0,6,7
379,3,0,6,7
380,3,0,6,7
381,3,0,6,7
382,3,1,6,7
383,3,1,6,7
384,3,1,6,7
385,3,0,6,7
386,3,1,6,7
387,3,1,6,7
388,3,1,6,7
389,3,1,6,7
390,3,1,6,7
391,3,0,6,7
392,3,0,6,7
393,3,1,6,7
394,3,1,6,7
395,3,0,6,7
396,3,1,6,7
397,3,1,6,7
398,3,1,6,7
399,3,0,6,7
400,3,0,6,7
401,3,1,6,7
402,3,1,6,7
403,3,0,6,7
404,3,1,6,7
405,3,1,6,7
406,3,1,6,7
407,3,0,6,7
408,3,1,6,7
409,3,0,6,7
410,3,1,6,7
411,3,0,6,7
412,3,1,6,7
413,3,1,6,7
414,3,1,6,7
415,3,1,6,7
416,3,1,6,7
417,3,0,6,7
418,3,1,6,7
419,3,0,6,7
420,3,1,6,7
421,3,1,6,7
422,3,0,6,7
423,3,0,6,7
424,3,1,6,7
425,3,1,6,7
426,3,1,6,7
427,3,1,6,7
428,3,0,6,7
429,3,1,6,7
430,3,1,6,7
431,3,0,6,7
432,3,0,6,7
433,3,0,6,7
434,3,1,6,7
435,3,0,6,7
436,3,0,6,7
437,3,1,6,7
438,3,1,6,7
439,3,1,6,7
440,3,0,6,7
441,3,1,6,7
442,3,1,6,7
443,3,0,6,7
444,3,1,6,7
445,3,0,6,7
446,3,1,6,7
447,3,1,6,7
448,3,1,6,7
449,3,0,6,7
450,3,1,6,7
451,3,0,6,7
452,3,1,6,7
453,3,1,6,7
454,3,0,6,7
455,3,1,6,7
456,3,1,6,7
457,3,1,6,7
458,3,0,6,7
459,3,1,6,7
460,3,1,6,7
461,3,1,6,7
462,3,0,6,7
463,3,1,6,7
464,3,1,6,7
465,3,1,6,7
466,3,1,6,7
467,3,1,6,7
468,3,0,6,7
469,3,1,6,7
470,3,0,6,7
471,3,1,6,7
472,3,0,6,7
473,3,0,6,7
474,3,1,6,7
475,3,1,6,7
476,3,1,6,7
477,3,1,6,7
478,3,0,6,7
479,3,0,6,7
480,3,1,6,7
481,3,0,6,7
482,3,0,6,7
483,3,1,6,7
484,3,1,6,7
485,3,0,6,7
486,3,1,6,7
487,3,1,6,7
488,3,1,6,7
489,3,0,6,7
490,3,0,6,7
491,3,1,6,7
492,3,1,6,7
493,3,1,6,7
494,3,1,6,7
495,3,0,6,7
496,3,1,6,7
497,3,0,6,7
498,3,1,6,7
499,3,0,6,7
0,4,0,8,9
1,4,1,8,9
2,4,0,8,9
3,4,0,8,9
4,4,1,8,9
5,4,1,8,9
6,4,1,8,9
7,4,0,8,9
8,4,0,8,9
9,4,0,8,9
10,4,0,8,9
11,4,0,8,9
12,4,1,8,9
13,4,1,8,9
14,4,0,8,9
15,4,0,8,9
16,4,1,8,9
17,4,1,8,9
18,4,1,8,9
19,4,0,8,9
20,4,0,8,9
21,4,1,8,9
22,4,0,8,9
23,4,1,8,9
24,4,0,8,9
25,4,1,8,9
26,4,1,8,9
27,4,1,8,9
28,4,0,8,9
29,4,0,8,9
30,4,1,8,9
31,4,1,8,9
32,4,1,8,9
33,4,1,8,9
34,4,1,8,9
35,4,1,8,9
36,4,1,8,9
37,4,1,8,9
38,4,0,8,9
39,4,1,8,9
40,4,1,8,9
41,4,1,8,9
42,4,0,8,9
43,4,1,8,9
44,4,0,8,9
45,4,0,8,9
46,4,1,8,9
47,4,1,8,9
48,4,0,8,9
49,4,1,8,9
50,4,0,8,9
51,4,0,8,9
52,4,1,8,9
53,4,0,8,9
54,4,0,8,9
55,4,0,8,9
56,4,0,8,9
57,4,0,8,9
58,4,0,8,9
59,4,1,8,9
60,4,1,8,9
61,4,0,8,9
62,4,1,8,9
63,4,1,8,9
64,4,0,8,9
65,4,1,8,9
66,4,1,8,9
67,4,0,8,9
68,4,0,8,9
69,4,0,8,9
70,4,0,8,9
71,4,0,8,9
72,4,1,8,9
73,4,0,8,9
74,4,1,8,9
75,4,1,8,9
76,4,1,8,9
77,4,1,8,9
78,4,1,8,9
79,4,1,8,9
80,4,1,8,9
81,4,1,8,9
82,4,0,8,9
83,4,1,8,9
84,4,0,8,9
85,4,1,8,9
86,4,1,8,9
87,4,0,8,9
88,4,0,8,9
89,4,1,8,9
90,4,0,8,9
91,4,1,8,9
92,4,1,8,9
93,4,1,8,9
94,4,1,8,9
95,4,1,8,9
96,4,1,8,9
97,4,0,8,9
98,4,0,8,9
99,4,1,8,9
100,4,1,8,9
101,4,1,8,9
102,4,0,8,9
103,4,1,8,9
104,4,0,8,9
105,4,0,8,9
106,4,1,8,9
107,4,1,8,9
108,4,0,8,9
109,4,0,8,9
110,4,1,8,9
111,4,0,8,9
112,4,0,8,9
113,4,1,8,9
114,4,1,8,9
115,4,1,8,9
116,4,1,8,9
117,4,1,8,9
118,4,1,8,9
119,4,0,8,9
120,4,0,8,9
121,4,0,8,9
122,4,0,8,9
123,4,0,8,9
124,4,0,8,9
125,4,1,8,9
126,4,1,8,9
127,4,0,8,9
128,4,0,8,9
129,4,1,8,9
130,4,1,8,9
131,4,0,8,9
132,4,1,8,9
133,4,0,8,9
134,4,0,8,9
135,4,1,8,9
136,4,1,8,9
137,4,0,8,9
138,4,1,8,9
139,4,0,8,9
140,4,1,8,9
141,4,0,8,9
142,4,1,8,9
143,4,1,8,9
144,4,1,8,9
145,4,1,8,9
146,4,1,8,9
147,4,0,8,9
148,4,1,8,9
149,4,1,8,9
150,4,0,8,9
151,4,1,8,9
152,4,0,8,9
153,4,0,8,9
154,4,1,8,9
155,4,0,8,9
156,4,0,8,9
157,4,1,8,9
158,4,0,8,9
159,4,1,8,9
160,4,0,8,9
161,4,0,8,9
162,4,0,8,9
163,4,0,8,9
164,4,1,8,9
165,4,0,8,9
166,4,1,8,9
167,4,0,8,9
168,4,0,8,9
169,4,1,8,9
170,4,1,8,9
171,4,1,8,9
172,4,1,8,9
173,4,1,8,9
174,4,1,8,9
175,4,0,8,9
176,4,0,8,9
177,4,1,8,9
178,4,1,8,9
179,4,1,8,9
180,4,0,8,9
181,4,0,8,9
182,4,0,8,9
183,4,1,8,9
184,4,0,8,9
185,4,1,8,9
186,4,0,8,9
187,4,0,8,9
188,4,1,8,9
189,4,0,8,9
190,4,1,8,9
191,4,1,8,9
192,4,1,8,9
193,4,0,8,9
194,4,0,8,9
195,4,1,8,9
196,4,1,8,9
197,4,1,8,9
198,4,1,8,9
199,4,1,8,9
200,4,1,8,9
201,4,1,8,9
202,4,0,8,9
203,4,1,8,9
204,4,1,8,9
205,4,1,8,9
206,4,1,8,9
207,4,0,8,9
208,4,0,8,9
209,4,1,8,9
210,4,1,8,9
211,4,1,8,9
212,4,0,8,9
213,4,1,8,9
214,4,0,8,9
215,4,0,8,9
216,4,0,8,9
217,4,0,8,9
218,4,0,8,9
219,4,1,8,9
220,4,1,8,9
221,4,0,8,9
222,4,0,8,9
223,4,1,8,9
224,4,1,8,9
225,4,1,8,9
226,4,0,8,9
227,4,0,8,9
228,4,0,8,9
229,4,0,8,9
230,4,1,8,9
231,4,1,8,9
232,4,1,8,9
233,4,1,8,9
234,4,1,8,9
235,4,1,8,9
236,4,1,8,9
237,4,1,8,9
238,4,1,8,9
239,4,0,8,9
240,4,1,8,9
241,4,0,8,9
242,4,1,8,9
243,4,0,8,9
244,4,1,8,9
245,4,1,8,9
246,4,1,8,9
247,4,0,8,9
248,4,1,8,9
249,4,0,8,9
250,4,0,8,9
251,4,1,8,9
252,4,0,8,9
253,4,0,8,9
254,4,0,8,9
255,4,1,8,9
256,4,1,8,9
257,4,1,8,9
258,4,1,8,9
259,4,0,8,9
260,4,1,8,9
261,4,1,8,9
262,4,1,8,9
263,4,0,8,9
264,4,1,8,9
265,4,0,8,9
266,4,1,8,9
267,4,0,8,9
268,4,1,8,9
269,4,0,8,9
270,4,1,8,9
271,4,0,8,9
272,4,1,8,9
273,4,0,8,9
274,4,0,8,9
275,4,1,8,9
276,4,0,8,9
277,4,0,8,9
278,4,1,8,9
279,4,0,8,9
280,4,1,8,9
281,4,1,8,9
282,4,1,8,9
283,4,1,8,9
284,4,0,8,9
285,4,0,8,9
286,4,0,8,9
287,4,1,8,9
288,4,0,8,9
289,4,0,8,9
290,4,0,8,9
291,4,0,8,9
292,4,0,8,9
293,4,1,8,9
294,4,0,8,9
295,4,0,8,9
296,4,1,8,9
297,4,1,8,9
298,4,0,8,9
299,4,1,8,9
300,4,1,8,9
301,4,1,8,9
302,4,0,8,9
303,4,1,8,9
304,4,1,8,9
305,4,1,8,9
306,4,0,8,9
307,4,1,8,9
308,4,1,8,9
309,4,1,8,9
310,4,1,8,9
311,4,1,8,9
312,4,1,8,9
313,4,1,8,9
314,4,0,8,9
315,4,0,8,9
316,4,1,8,9
317,4,0,8,9
318,4,0,8,9
319,4,1,8,9
320,4,1,8,9
321,4,0,8,9
322,4,1,8,9
323,4,1,8,9
324,4,0,8,9
325,4,0,8,9
326,4,0,8,9
327,4,1,8,9
328,4,1,8,9
329,4,1,8,9
330,4,1,8,9
331,4,0,8,9
332,4,0,8,9
333,4,0,8,9
334,4,1,8,9
335,4,1,8,9
336,4,1,8,9
337,4,0,8,9
338,4,0,8,9
339,4,1,8,9
340,4,0,8,9
341,4,0,8,9
342,4,1,8,9
343,4,1,8,9
344,4,0,8,9
345,4,1,8,9
346,4,1,8,9
347,4,0,8,9
348,4,1,8,9
349,4,0,8,9
350,4,1,8,9
351,4,1,8,9
352,4,1,8,9
353,4,1,8,9
354,4,1,8,9
355,4,0,8,9
356,4,0,8,9
357,4,0,8,9
358,4,0,8,9
359,4,0,8,9
360,4,0,8,9
361,4,1,8,9
362,4,0,8,9
363,4,1,8,9
364,4,1,8,9
365,4,0,8,9
366,4,1,8,9
367,4,0,8,9
368,4,0,8,9
369,4,1,8,9
370,4,0,8,9
371,4,0,8,9
372,4,1,8,9
373,4,1,8,9
374,4,0,8,9
375,4,0,8,9
376,4,1,8,9
377,4,1,8,9
378,4,0,8,9
379,4,0,8,9
380,4,1,8,9
381,4,0,8,9
382,4,0,8,9
383,4,1,8,9
384,4,1,8,9
385,4,1,8,9
386,4,1,8,9
387,4,1,8,9
388,4,0,8,9
389,4,1,8,9
390,4,0,8,9
391,4,1,8,9
392,4,0,8,9
393,4,0,8,9
394,4,1,8,9
395,4,1,8,9
396,4,1,8,9
397,4,0,8,9
398,4,0,8,9
399,4,1,8,9
400,4,0,8,9
401,4,0,8,9
402,4,1,8,9
403,4,1,8,9
404,4,0,8,9
405,4,0,8,9
406,4,0,8,9
407,4,1,8,9
408,4,0,8,9
409,4,1,8,9
410,4,0,8,9
411,4,1,8,9
412,4,1,8,9
413,4,1,8,9
414,4,1,8,9
415,4,1,8,9
416,4,1,8,9
417,4,1,8,9
418,4,1,8,9
419,4,0,8,9
420,4,1,8,9
421,4,0,8,9
422,4,1,8,9
423,4,0,8,9
424,4,1,8,9
425,4,1,8,9
426,4,1,8,9
427,4,1,8,9
428,4,1,8,9
429,4,1,8,9
430,4,0,8,9
431,4,0,8,9
432,4,0,8,9
433,4,1,8,9
434,4,0,8,9
435,4,0,8,9
436,4,0,8,9
437,4,1,8,9
438,4,0,8,9
439,4,1,8,9
440,4,0,8,9
441,4,0,8,9
442,4,1,8,9
443,4,0,8,9
444,4,1,8,9
445,4,0,8,9
446,4,0,8,9
447,4,1,8,9
448,4,1,8,9
449,4,1,8,9
450,4,1,8,9
451,4,0,8,9
452,4,1,8,9
453,4,0,8,9
454,4,0,8,9
455,4,0,8,9
456,4,1,8,9
457,4,0,8,9
458,4,0,8,9
459,4,1,8,9
460,4,1,8,9
461,4,1,8,9
462,4,0,8,9
463,4,0,8,9
464,4,1,8,9
465,4,1,8,9
466,4,1,8,9
467,4,0,8,9
468,4,0,8,9
469,4,1,8,9
470,4,1,8,9
471,4,0,8,9
472,4,0,8,9
473,4,0,8,9
474,4,1,8,9
475,4,0,8,9
476,4,1,8,9
477,4,0,8,9
478,4,1,8,9
479,4,1,8,9
480,4,0,8,9
481,4,1,8,9
482,4,0,8,9
483,4,1,8,9
484,4,1,8,9
485,4,0,8,9
486,4,0,8,9
487,4,1,8,9
488,4,1,8,9
489,4,1,8,9
490,4,0,8,9
491,4,1,8,9
492,4,1,8,9
493,4,0,8,9
494,4,1,8,9
495,4,1,8,9
496,4,1,8,9
497,4,1,8,9
498,4,1,8,9
499,4,0,8,9
0,5,0,10,11
1,5,1,10,11
2,5,0,10,11
3,5,0,10,11
4,5,0,10,11
5,5,1,10,11
6,5,1,10,11
7,5,0,10,11
8,5,1,10,11
9,5,1,10,11
10,5,1,10,11
11,5,0,10,11
12,5,1,10,11
13,5,1,10,11
14,5,0,10,11
15,5,1,10,11
16,5,1,10,11
17,5,1,10,11
18,5,1,10,11
19,5,0,10,11
20,5,0,10,11
21,5,0,10,11
22,5,0,10,11
23,5,1,10,11
24,5,0,10,11
25,5,1,10,11
26,5,1,10,11
27,5,0,10,11
28,5,1,10,11
29,5,0,10,11
30,5,0,10,11
31,5,1,10,11
32,5,0,10,11
33,5,0,10,11
34,5,1,10,11
35,5,0,10,11
36,5,1,10,11
37,5,0,10,11
38,5,1,10,11
39,5,0,10,11
40,5,1,10,11
41,5,0,10,11
42,5,0,10,11
43,5,0,10,11
44,5,1,10,11
45,5,0,10,11
46,5,0,10,11
47,5,1,10,11
48,5,1,10,11
49,5,0,10,11
50,5,0,10,11
51,5,0,10,11
52,5,1,10,11
53,5,1,10,11
54,5,1,10,11
55,5,1,10,11
56,5,1,10,11
57,5,0,10,11
58,5,0,10,11
59,5,0,10,11
60,5,0,10,11
61,5,1,10,11
62,5,1,10,11
63,5,0,10,11
64,5,1,10,11
65,5,0,10,11
66,5,1,10,11
67,5,1,10,11
68,5,1,10,11
69,5,0,10,11
70,5,0,10,11
71,5,1,10,11
72,5,1,10,11
73,5,1,10,11
74,5,0,10,11
75,5,0,10,11
76,5,0,10,11
77,5,1,10,11
78,5,1,10,11
79,5,0,10,11
80,5,0,10,11
81,5,1,10,11
82,5,1,10,11
83,5,1,10,11
84,5,0,10,11
85,5,0,10,11
86,5,0,10,11
87,5,1,10,11
88,5,0,10,11
89,5,1,10,11
90,5,1,10,11
91,5,1,10,11
92,5,0,10,11
93,5,1,10,11
94,5,0,10,11
95,5,1,10,11
96,5,0,10,11
97,5,0,10,11
98,5,1,10,11
99,5,1,10,11
100,5,0,10,11
101,5,1,10,11
102,5,0,10,11
103,5,1,10,11
104,5,0,10,11
105,5,0,10,11
106,5,0,10,11
107,5,0,10,11
108,5,0,10,11
109,5,0,10,11
110,5,0,10,11
111,5,1,10,11
112,5,1,10,11
113,5,0,10,11
114,5,0,10,11
115,5,0,10,11
116,5,0,10,11
117,5,0,10,11
118,5,0,10,11
119,5,1,10,11
120,5,1,10,11
121,5,0,10,11
122,5,1,10,11
123,5,1,10,11
124,5,1,10,11
125,5,0,10,11
126,5,1,10,11
127,5,1,10,11
128,5,1,10,11
129,5,1,10,11
130,5,1,10,11
131,5,1,10,11
132,5,1,10,11
133,5,0,10,11
134,5,1,10,11
135,5,0,10,11
136,5,0,10,11
137,5,0,10,11
138,5,0,10,11
139,5,1,10,11
140,5,0,10,11
141,5,0,10,11
142,5,0,10,11
143,5,0,10,11
144,5,1,10,11
145,5,0,10,11
146,5,0,10,11
147,5,0,10,11
148,5,1,10,11
149,5,1,10,11
150,5,1,10,11
151,5,1,10,11
152,5,1,10,11
153,5,0,10,11
154,5,1,10,11
155,5,0,10,11
156,5,0,10,11
157,5,1,10,11
158,5,0,10,11
159,5,0,10,11
160,5,0,10,11
161,5,0,10,11
162,5,1,10,11
163,5,1,10,11
164,5,1,10,11
165,5,0,10,11
166,5,0,10,11
167,5,0,10,11
168,5,0,10,11
169,5,0,10,11
170,5,1,10,11
171,5,1,10,11
172,5,0,10,11
173,5,1,10,11
174,5,0,10,11
175,5,0,10,11
176,5,1,10,11
177,5,0,10,11
178,5,1,10,11
179,5,0,10,11
180,5,1,10,11
181,5,1,10,11
182,5,1,10,11
183,5,0,10,11
184,5,0,10,11
185,5,0,10,11
186,5,0,10,11
187,5,1,10,11
188,5,1,10,11
189,5,0,10,11
190,5,0,10,11
191,5,1,10,11
192,5,0,10,11
193,5,1,10,11
194,5,0,10,11
195,5,0,10,11
196,5,1,10,11
197,5,1,10,11
198,5,1,10,11
199,5,1,10,11
200,5,1,10,11
201,5,1,10,11
202,5,0,10,11
203,5,1,10,11
204,5,0,10,11
205,5,0,10,11
206,5,0,10,11
207,5,1,10,11
208,5,0,10,11
209,5,1,10,11
210,5,1,10,11
211,5,0,10,11
212,5,1,10,11
213,5,1,10,11
214,5,0,10,11
215,5,1,10,11
216,5,0,10,11
217,5,0,10,11
218,5,1,10,11
219,5,1,10,11
220,5,1,10,11
221,5,0,10,11
222,5,0,10,11
223,5,1,10,11
224,5,0,10,11
225,5,0,10,11
226,5,0,10,11
227,5,1,10,11
228,5,1,10,11
229,5,0,10,11
230,5,1,10,11
231,5,0,10,11
232,5,0,10,11
233,5,0,10,11
234,5,1,10,11
235,5,1,10,11
236,5,0,10,11
237,5,1,10,11
238,5,1,10,11
239,5,1,10,11
240,5,1,10,11
241,5,0,10,11
242,5,0,10,11
243,5,0,10,11
244,5,0,10,11
245,5,1,10,11
246,5,0,10,11
247,5,1,10,11
248,5,0,10,11
249,5,0,10,11
250,5,1,10,11
251,5,0,10,11
252,5,1,10,11
253,5,1,10,11
254,5,1,10,11
255,5,1,10,11
256,5,1,10,11
257,5,1,10,11
258,5,0,10,11
259,5,0,10,11
260,5,1,10,11
261,5,0,10,11
262,5,0,10,11
263,5,1,10,11
264,5,0,10,11
265,5,0,10,11
266,5,0,10,11
267,5,0,10,11
268,5,0,10,11
269,5,0,10,11
270,5,1,10,11
271,5,1,10,11
272,5,1,10,11
273,5,1,10,11
274,5,1,10,11
275,5,1,10,11
276,5,1,10,11
277,5,1,10,11
278,5,0,10,11
279,5,1,10,11
280,5,1,10,11
281,5,1,10,11
282,5,1,10,11
283,5,1,10,11
284,5,1,10,11
285,5,1,10,11
286,5,1,10,11
287,5,0,10,11
288,5,1,10,11
289,5,1,10,11
290,5,0,10,11
291,5,0,10,11
292,5,0,10,11
293,5,0,10,11
294,5,1,10,11
295,5,1,10,11
296,5,0,10,11
297,5,1,10,11
298,5,1,10,11
299,5,0,10,11
300,5,1,10,11
301,5,1,10,11
302,5,1,10,11
303,5,1,10,11
304,5,1,10,11
305,5,1,10,11
306,5,1,10,11
307,5,1,10,11
308,5,1,10,11
309,5,0,10,11
310,5,1,10,11
311,5,1,10,11
312,5,0,10,11
313,5,1,10,11
314,5,1,10,11
315,5,1,10,11
316,5,1,10,11
317,5,0,10,11
318,5,1,10,11
319,5,1,10,11
320,5,1,10,11
321,5,0,10,11
322,5,0,10,11
323,5,1,10,11
324,5,0,10,11
325,5,1,10,11
326,5,0,10,11
327,5,1,10,11
328,5,1,10,11
329,5,1,10,11
330,5,0,10,11
331,5,1,10,11
332,5,0,10,11
333,5,0,10,11
334,5,1,10,11
335,5,0,10,11
336,5,0,10,11
337,5,1,10,11
338,5,1,10,11
339,5,0,10,11
340,5,1,10,11
341,5,0,10,11
342,5,0,10,11
343,5,0,10,11
344,5,1,10,11
345,5,1,10,11
346,5,1,10,11
347,5,1,10,11
348,5,1,10,11
349,5,1,10,11
350,5,0,10,11
351,5,1,10,11
352,5,0,10,11
353,5,1,10,11
354,5,0,10,11
355,5,1,10,11
356,5,1,10,11
357,5,1,10,11
358,5,0,10,11
359,5,0,10,11
360,5,1,10,11
361,5,0,10,11
362,5,0,10,11
363,5,0,10,11
364,5,1,10,11
365,5,0,10,11
366,5,1,10,11
367,5,0,10,11
368,5,0,10,11
369,5,0,10,11
370,5,0,10,11
371,5,1,10,11
372,5,0,10,11
373,5,0,10,11
374,5,0,10,11
375,5,0,10,11
376,5,0,10,11
377,5,0,10,11
378,5,1,10,11
379,5,1,10,11
380,5,1,10,11
381,5,0,10,11
382,5,0,10,11
383,5,1,10,11
384,5,0,10,11
385,5,0,10,11
386,5,1,10,11
387,5,0,10,11
388,5,1,10,11
389,5,0,10,11
390,5,0,10,11
391,5,1,10,11
392,5,1,10,11
393,5,1,10,11
394,5,1,10,11
395,5,0,10,11
396,5,0,10,11
397,5,0,10,11
398,5,0,10,11
399,5,1,10,11
400,5,0,10,11
401,5,0,10,11
402,5,0,10,11
403,5,1,10,11
404,5,0,10,11
405,5,1,10,11
406,5,0,10,11
407,5,0,10,11
408,5,0,10,11
409,5,0,10,11
410,5,0,10,11
411,5,0,10,11
412,5,0,10,11
413,5,0,10,11
414,5,1,10,11
415,5,1,10,11
416,5,0,10,11
417,5,1,10,11
418,5,1,10,11
419,5,1,10,11
420,5,1,10,11
421,5,0,10,11
422,5,1,10,11
423,5,0,10,11
424,5,1,10,11
425,5,0,10,11
426,5,1,10,11
427,5,1,10,11
428,5,0,10,11
429,5,0,10,11
430,5,0,10,11
431,5,1,10,11
432,5,1,10,11
433,5,0,10,11
434,5,1,10,11
435,5,1,10,11
436,5,1,10,11
437,5,1,10,11
438,5,1,10,11
439,5,0,10,11
440,5,1,10,11
441,5,1,10,11
442,5,1,10,11
443,5,1,10,11
444,5,0,10,11
445,5,0,10,11
446,5,1,10,11
447,5,1,10,11
448,5,0,10,11
449,5,0,10,11
450,5,0,10,11
451,5,1,10,11
452,5,0,10,11
453,5,1,10,11
454,5,1,10,11
455,5,0,10,11
456,5,1,10,11
457,5,1,10,11
458,5,1,10,11
459,5,1,10,11
460,5,1,10,11
461,5,0,10,11
462,5,1,10,11
463,5,0,10,11
464,5,0,10,11
465,5,1,10,11
466,5,0,10,11
467,5,0,10,11
468,5,1,10,11
469,5,1,10,11
470,5,1,10,11
471,5,0,10,11
472,5,1,10,11
473,5,0,10,11
474,5,0,10,11
475,5,0,10,11
476,5,1,10,11
477,5,1,10,11
478,5,0,10,11
479,5,1,10,11
480,5,1,10,11
481,5,0,10,11
482,5,1,10,11
483,5,1,10,11
484,5,1,10,11
485,5,1,10,11
486,5,1,10,11
487,5,1,10,11
488,5,0,10,11
489,5,0,10,11
490,5,1,10,11
491,5,1,10,11
492,5,0,10,11
493,5,1,10,11
494,5,0,10,11
495,5,0,10,11
496,5,1,10,11
497,5,0,10,11
498,5,1,10,11
499,5,1,10,11
0,6,1,12,13
1,6,0,12,13
2,6,1,12,13
3,6,0,12,13
4,6,0,12,13
5,6,0,12,13
6,6,0,12,13
7,6,1,12,13
8,6,0,12,13
9,6,0,12,13
10,6,1,12,13
11,6,1,12,13
12,6,1,12,13
13,6,1,12,13
14,6,1,12,13
15,6,0,12,13
16,6,0,12,13
17,6,0,12,13
18,6,0,12,13
19,6,0,12,13
20,6,0,12,13
21,6,0,12,13
22,6,1,12,13
23,6,0,12,13
24,6,1,12,13
25,6,0,12,13
26,6,0,12,13
27,6,0,12,13
28,6,1,12,13
29,6,1,12,13
30,6,1,12,13
31,6,1,12,13
32,6,0,12,13
33,6,1,12,13
34,6,0,12,13
35,6,0,12,13
36,6,0,12,13
37,6,0,12,13
38,6,1,12,13
39,6,0,12,13
40,6,0,12,13
41,6,1,12,13
42,6,0,12,13
43,6,0,12,13
44,6,0,12,13
45,6,1,12,13
46,6,1,12,13
47,6,0,12,13
48,6,0,12,13
49,6,0,12,13
50,6,0,12,13
51,6,0,12,13
52,6,1,12,13
53,6,1,12,13
54,6,0,12,13
55,6,1,12,13
56,6,0,12,13
57,6,1,12,13
58,6,0,12,13
59,6,0,12,13
60,6,0,12,13
61,6,1,12,13
62,6,0,12,13
63,6,0,12,13
64,6,1,12,13
65,6,0,12,13
66,6,0,12,13
67,6,0,12,13
68,6,0,12,13
69,6,0,12,13
70,6,0,12,13
71,6,0,12,13
72,6,0,12,13
73,6,0,12,13
74,6,0,12,13
75,6,1,12,13
76,6,1,12,13
77,6,1,12,13
78,6,1,12,13
79,6,1,12,13
80,6,0,12,13
81,6,0,12,13
82,6,1,12,13
83,6,0,12,13
84,6,0,12,13
85,6,1,12,13
86,6,0,12,13
87,6,1,12,13
88,6,0,12,13
89,6,0,12,13
90,6,1,12,13
91,6,0,12,13
92,6,0,12,13
93,6,0,12,13
94,6,0,12,13
95,6,1,12,13
96,6,0,12,13
97,6,1,12,13
98,6,1,12,13
99,6,1,12,13
100,6,1,12,13
101,6,0,12,13
102,6,0,12,13
103,6,0,12,13
104,6,1,12,13
105,6,0,12,13
106,6,0,12,13
107,6,1,12,13
108,6,1,12,13
109,6,1,12,13
110,6,1,12,13
111,6,0,12,13
112,6,0,12,13
113,6,1,12,13
114,6,1,12,13
115,6,0,12,13
116,6,1,12,13
117,6,0,12,13
118,6,0,12,13
119,6,1,12,13
120,6,0,12,13
121,6,1,12,13
122,6,1,12,13
123,6,1,12,13
124,6,0,12,13
125,6,1,12,13
126,6,1,12,13
127,6,0,12,13
128,6,1,12,13
129,6,1,12,13
130,6,1,12,13
131,6,1,12,13
132,6,1,12,13
133,6,1,12,13
134,6,1,12,13
135,6,0,12,13
136,6,0,12,13
137,6,1,12,13
138,6,0,12,13
139,6,0,12,13
140,6,0,12,13
141,6,0,12,13
142,6,1,12,13
143,6,1,12,13
144,6,0,12,13
145,6,0,12,13
146,6,0,12,13
147,6,0,12,13
148,6,1,12,13
149,6,1,12,13
150,6,0,12,13
151,6,1,12,13
152,6,0,12,13
153,6,0,12,13
154,6,0,12,13
155,6,1,12,13
156,6,1,12,13
157,6,1,12,13
158,6,1,12,13
159,6,0,12,13
160,6,1,12,13
161,6,0,12,13
162,6,0,12,13
163,6,0,12,13
164,6,0,12,13
165,6,1,12,13
166,6,0,12,13
167,6,0,12,13
168,6,0,12,13
169,6,1,12,13
170,6,0,12,13
171,6,0,12,13
172,6,1,12,13
173,6,1,12,13
174,6,1,12,13
175,6,1,12,13
176,6,1,12,13
177,6,1,12,13
178,6,1,12,13
179,6,1,12,13
180,6,1,12,13
181,6,0,12,13
182,6,0,12,13
183,6,0,12,13
184,6,1,12,13
185,6,1,12,13
186,6,0,12,13
187,6,1,12,13
188,6,0,12,13
189,6,1,12,13
190,6,0,12,13
191,6,0,12,13
192,6,0,12,13
193,6,0,12,13
194,6,0,12,13
195,6,0,12,13
196,6,0,12,13
197,6,0,12,13
198,6,0,12,13
199,6,0,12,13
200,6,0,12,13
201,6,0,12,13
202,6,0,12,13
203,6,0,12,13
204,6,0,12,13
205,6,1,12,13
206,6,0,12,13
207,6,0,12,13
208,6,1,12,13
209,6,1,12,13
210,6,1,12,13
211,6,0,12,13
212,6,0,12,13
213,6,1,12,13
214,6,1,12,13
215,6,0,12,13
216,6,1,12,13
217,6,1,12,13
218,6,0,12,13
219,6,0,12,13
220,6,1,12,13
221,6,1,12,13
222,6,0,12,13
223,6,0,12,13
224,6,1,12,13
225,6,1,12,13
226,6,0,12,13
227,6,1,12,13
228,6,1,12,13
229,6,0,12,13
230,6,1,12,13
231,6,0,12,13
232,6,1,12,13
233,6,0,12,13
234,6,0,12,13
235,6,0,12,13
236,6,1,12,13
237,6,0,12,13
238,6,0,12,13
239,6,1,12,13
240,6,1,12,13
241,6,0,12,13
242,6,0,12,13
243,6,0,12,13
244,6,0,12,13
245,6,1,12,13
246,6,0,12,13
247,6,0,12,13
248,6,0,12,13
249,6,1,12,13
250,6,1,12,13
251,6,0,12,13
252,6,1,12,13
253,6,0,12,13
254,6,0,12,13
255,6,0,12,13
256,6,1,12,13
257,6,0,12,13
258,6,0,12,13
259,6,0,12,13
260,6,0,12,13
261,6,0,12,13
262,6,0,12,13
263,6,0,12,13
264,6,0,12,13
265,6,1,12,13
266,6,1,12,13
267,6,1,12,13
268,6,1,12,13
269,6,1,12,13
270,6,0,12,13
271,6,0,12,13
272,6,1,12,13
273,6,1,12,13
274,6,0,12,13
275,6,0,12,13
276,6,0,12,13
277,6,0,12,13
278,6,0,12,13
279,6,1,12,13
280,6,0,12,13
281,6,0,12,13
282,6,0,12,13
283,6,0,12,13
284,6,1,12,13
285,6,1,12,13
286,6,1,12,13
287,6,0,12,13
288,6,1,12,13
289,6,0,12,13
290,6,1,12,13
291,6,0,12,13
292,6,1,12,13
293,6,0,12,13
294,6,1,12,13
295,6,1,12,13
296,6,0,12,13
297,6,0,12,13
298,6,1,12,13
299,6,0,12,13
300,6,0,12,13
301,6,0,12,13
302,6,0,12,13
303,6,0,12,13
304,6,0,12,13
305,6,0,12,13
306,6,1,12,13
307,6,1,12,13
308,6,1,12,13
309,6,0,12,13
310,6,0,12,13
311,6,1,12,13
312,6,0,12,13
313,6,0,12,13
314,6,1,12,13
315,6,0,12,13
316,6,1,12,13
317,6,0,12,13
318,6,0,12,13
319,6,1,12,13
320,6,1,12,13
321,6,1,12,13
322,6,0,12,13
323,6,0,12,13
324,6,1,12,13
325,6,1,12,13
326,6,1,12,13
327,6,0,12,13
328,6,0,12,13
329,6,0,12,13
330,6,1,12,13
331,6,1,12,13
332,6,1,12,13
333,6,1,12,13
334,6,0,12,13
335,6,1,12,13
336,6,1,12,13
337,6,0,12,13
338,6,1,12,13
339,6,1,12,13
340,6,1,12,13
341,6,1,12,13
342,6,0,12,13
343,6,0,12,13
344,6,1,12,13
345,6,0,12,13
346,6,0,12,13
347,6,1,12,13
348,6,1,12,13
349,6,0,12,13
350,6,0,12,13
351,6,0,12,13
352,6,0,12,13
353,6,0,12,13
354,6,0,12,13
355,6,1,12,13
356,6,0,12,13
357,6,1,12,13
358,6,0,12,13
359,6,1,12,13
360,6,0,12,13
361,6,1,12,13
362,6,0,12,13
363,6,1,12,13
364,6,0,12,13
365,6,0,12,13
366,6,1,12,13
367,6,1,12,13
368,6,1,12,13
369,6,0,12,13
370,6,1,12,13
371,6,0,12,13
372,6,0,12,13
373,6,1,12,13
374,6,0,12,13
375,6,1,12,13
376,6,0,12,13
377,6,0,12,13
378,6,1,12,13
379,6,1,12,13
380,6,0,12,13
381,6,0,12,13
382,6,1,12,13
383,6,0,12,13
384,6,0,12,13
385,6,0,12,13
386,6,0,12,13
387,6,0,12,13
388,6,1,12,13
389,6,0,12,13
390,6,1,12,13
391,6,0,12,13
392,6,1,12,13
393,6,0,12,13
394,6,0,12,13
395,6,0,12,13
396,6,0,12,13
397,6,0,12,13
398,6,0,12,13
399,6,0,12,13
400,6,0,12,13
401,6,1,12,13
402,6,0,12,13
403,6,1,12,13
404,6,0,12,13
405,6,1,12,13
406,6,1,12,13
407,6,0,12,13
408,6,0,12,13
409,6,0,12,13
410,6,0,12,13
411,6,1,12,13
412,6,0,12,13
413,6,0,12,13
414,6,0,12,13
415,6,0,12,13
416,6,1,12,13
417,6,0,12,13
418,6,0,12,13
419,6,1,12,13
420,6,0,12,13
421,6,1,12,13
422,6,0,12,13
423,6,1,12,13
424,6,1,12,13
425,6,0,12,13
426,6,0,12,13
427,6,1,12,13
428,6,1,12,13
429,6,0,12,13
430,6,1,12,13
431,6,0,12,13
432,6,1,12,13
433,6,0,12,13
434,6,0,12,13
435,6,1,12,13
436,6,1,12,13
437,6,0,12,13
438,6,1,12,13
439,6,0,12,13
440,6,0,12,13
441,6,0,12,13
442,6,0,12,13
443,6,1,12,13
444,6,0,12,13
445,6,0,12,13
446,6,0,12,13
447,6,0,12,13
448,6,0,12,13
449,6,1,12,13
450,6,0,12,13
451,6,1,12,13
452,6,0,12,13
453,6,0,12,13
454,6,1,12,13
455,6,0,12,13
456,6,0,12,13
457,6,0,12,13
458,6,1,12,13
459,6,0,12,13
460,6,0,12,13
461,6,0,12,13
462,6,1,12,13
463,6,1,12,13
464,6,0,12,13
465,6,1,12,13
466,6,0,12,13
467,6,0,12,13
468,6,1,12,13
469,6,0,12,13
470,6,0,12,13
471,6,0,12,13
472,6,1,12,13
473,6,1,12,13
474,6,0,12,13
475,6,1,12,13
476,6,1,12,13
477,6,1,12,13
478,6,0,12,13
479,6,0,12,13
480,6,1,12,13
481,6,0,12,13
482,6,0,12,13
483,6,0,12,13
484,6,0,12,13
485,6,1,12,13
486,6,0,12,13
487,6,0,12,13
488,6,0,12,13
489,6,0,12,13
490,6,1,12,13
491,6,0,12,13
492,6,0,12,13
493,6,1,12,13
494,6,0,12,13
495,6,1,12,13
496,6,0,12,13
497,6,0,12,13
498,6,0,12,13
499,6,1,12,13
